geo_point;geo_shape;ID_GEOFLA;Code Commune;Code Insee;Commune;x_chf_lieu;y_chf_lieu;x_centroid;y_centroid;altitude_moyenne;superficie;population;code_canton;code_arrondissement;Code D̩épartement;Année;R̩égion;D̩épartement;Statut;Code R̩égion;NOM_REG;code_com;nom_com;CODE_VILLE
48.8769868607,2.33753841595;"{""type"": ""Polygon"", ""coordinates"": [[[2.325761625469748, 48.86954613347617], [2.326237930175147, 48.87161370548764], [2.3267815674521612, 48.87638596142574], [2.327120697066301, 48.88348541661707], [2.327325239606297, 48.88348566666966], [2.337955506111846, 48.882249883375295], [2.347153412523655, 48.88330584373597], [2.349550840123216, 48.88362016791156], [2.349687756951921, 48.882811514902045], [2.349823945918236, 48.88096862639421], [2.349822810697755, 48.880295020678275], [2.34907399387057, 48.87791311472725], [2.348255293026379, 48.87589145184864], [2.347982803025813, 48.87467766254086], [2.347845439420342, 48.87377937568314], [2.347831771084856, 48.870624420334565], [2.339929810567673, 48.87193731051887], [2.328826705605644, 48.87004091101753], [2.327873362186078, 48.86986108895774], [2.327668873142871, 48.86986083983853], [2.325761625469748, 48.86954613347617]]]}";COMMUNE00000000000018163;109;75109;PARIS-9E-ARRONDISSEMENT;651677;6863807;651445;6864413;43;218;59427.0;;1;75;2016;ILE-DE-FRANCE;PARIS;Commune simple;11;ILE-DE-FRANCE;109;PARIS-9E-ARRONDISSEMENT;75056
48.8635257742,2.40121168869;"{""type"": ""Polygon"", ""coordinates"": [[[2.413270449780349, 48.87311698004449], [2.413270255726228, 48.87289214599203], [2.413837806908527, 48.86437641679679], [2.4151214552194142, 48.8561573094368], [2.41531512541882, 48.855173471684935], [2.415334971137624, 48.854983806482565], [2.41536771760538, 48.85473754541378], [2.415445717618864, 48.85434491175398], [2.415643098924275, 48.853272054588764], [2.4158409257736793, 48.85215872756842], [2.416202227882443, 48.85007669719995], [2.416292566526906, 48.84955461505012], [2.416341130298894, 48.84923378355176], [2.416349838517878, 48.84869961115584], [2.416028849762043, 48.846942508592164], [2.415971110769569, 48.846622956277], [2.399118444872594, 48.84809448473566], [2.399172668212494, 48.84835556962748], [2.398869257010142, 48.84961403928058], [2.398394056190455, 48.85123228310974], [2.396558055101348, 48.85361441057368], [2.394300442029356, 48.856491711482434], [2.386748352378341, 48.863335036953416], [2.378308103501238, 48.87075241734386], [2.377218985354729, 48.87165148863753], [2.3770153520998383, 48.87192112928036], [2.380217390330639, 48.87287306097228], [2.38689800913129, 48.87436258778108], [2.394403759688012, 48.87515893262442], [2.410484969028091, 48.87843002826462], [2.410690346638331, 48.87847510651618], [2.411641450258323, 48.877081328598855], [2.4130669325365313, 48.87375540741721], [2.413270449780349, 48.87311698004449]]]}";COMMUNE00000000000024623;120;75120;PARIS-20E-ARRONDISSEMENT;655946;6862971;655961;6862890;83;597;194771.0;;1;75;2016;ILE-DE-FRANCE;PARIS;Commune simple;11;ILE-DE-FRANCE;120;PARIS-20E-ARRONDISSEMENT;75056
48.8292048923,2.3267445538;"{""type"": ""Polygon"", ""coordinates"": [[[2.314145699672972, 48.82229053544158], [2.312147253873084, 48.82272874775067], [2.308315537176648, 48.823570052479326], [2.306959037060225, 48.8238679884309], [2.301866006231317, 48.82500216361957], [2.301315418488453, 48.825125760841566], [2.306970412350518, 48.82998023710605], [2.309146607212023, 48.83177808913951], [2.315748295773015, 48.837171803372584], [2.32064899371495, 48.84072256334741], [2.324050757867123, 48.84306849300187], [2.324663544625067, 48.8435180387231], [2.324813430556384, 48.843517985401355], [2.326175018315656, 48.843068785271186], [2.336387763960392, 48.83973526805245], [2.336592707177664, 48.839690537142836], [2.337136471667831, 48.839466011891474], [2.340200842435447, 48.83870140406635], [2.342038463594752, 48.83829691793253], [2.34176641142403, 48.835780788431656], [2.341493772233576, 48.828568124075204], [2.344418203666944, 48.81959400743183], [2.34441794743028, 48.81896443867725], [2.344009565449824, 48.8161336382798], [2.343902504744145, 48.81576700129677], [2.34376730460606, 48.81579683840154], [2.340319779160496, 48.81638585091945], [2.332144938408538, 48.81698172977806], [2.331898060637624, 48.81701092964178], [2.332461042459755, 48.81824713008295], [2.330413636639578, 48.81870426120844], [2.325562171287673, 48.819774243149055], [2.3205971644416152, 48.82086676725333], [2.314145699672972, 48.82229053544158]]]}";COMMUNE00000000000033524;114;75114;PARIS-14E-ARRONDISSEMENT;650587;6859427;650444;6859239;62;561;140799.0;;1;75;2016;ILE-DE-FRANCE;PARIS;Commune simple;11;ILE-DE-FRANCE;114;PARIS-14E-ARRONDISSEMENT;75056
48.8444087298,2.35049826183;"{""type"": ""Polygon"", ""coordinates"": [[[2.344559226085564, 48.85398930555956], [2.346465584808918, 48.853360292152324], [2.353970344273344, 48.85097728621711], [2.362548350376929, 48.84747083799684], [2.364318035619069, 48.84616719132947], [2.364453223364357, 48.846032106426854], [2.365950820880959, 48.84490865927767], [2.364656919925836, 48.84418950178663], [2.364179500143666, 48.84356101055063], [2.363294202923634, 48.84230259254609], [2.361591387182398, 48.840046909184046], [2.361387033828814, 48.839822776184725], [2.353080114102986, 48.83717267783027], [2.351718068951756, 48.83681365115241], [2.347144269070598, 48.83726274139024], [2.344897421913345, 48.83771273186587], [2.342038463594752, 48.83829691793253], [2.340200842435447, 48.83870140406635], [2.337136471667831, 48.839466011891474], [2.336592707177664, 48.839690537142836], [2.336864583893352, 48.84027483382859], [2.343741796102583, 48.852776092562976], [2.344218949829258, 48.8536294981705], [2.344559226085564, 48.85398930555956]]]}";COMMUNE00000000000017059;105;75105;PARIS-5E-ARRONDISSEMENT;651888;6860877;652337;6860432;43;252;60273.0;;1;75;2016;ILE-DE-FRANCE;PARIS;Commune simple;11;ILE-DE-FRANCE;105;PARIS-5E-ARRONDISSEMENT;75056
48.8628851439,2.35993164253;"{""type"": ""Polygon"", ""coordinates"": [[[2.350091264419375, 48.861951749822666], [2.35009094463861, 48.862086650131786], [2.350705083769544, 48.86311973538236], [2.350841320556306, 48.86334441157331], [2.351453566581511, 48.86442244862612], [2.352954153003017, 48.86707464125512], [2.353975524869111, 48.86891661444116], [2.35411149265971, 48.8692752858951], [2.354520466380245, 48.86927569343535], [2.363238955499569, 48.867790816367034], [2.363851339012572, 48.86743163828077], [2.364191894384677, 48.867116879697264], [2.366098043479301, 48.86406023223137], [2.366642492489265, 48.86311700468547], [2.368340704172586, 48.856501389365086], [2.368408572582041, 48.855962137621376], [2.368408572172818, 48.85573730004936], [2.364187035479922, 48.85645780685713], [2.363097753931241, 48.85681715023424], [2.360918472895475, 48.8575906636233], [2.359216281258059, 48.85835500124507], [2.357446054399118, 48.859658558153086], [2.355471078597608, 48.860648012347085], [2.35444979708971, 48.86100764265458], [2.350091264419375, 48.861951749822666]]]}";COMMUNE00000000000018221;103;75103;PARIS-3E-ARRONDISSEMENT;653171;6862837;652950;6862781;35;117;35666.0;;1;75;2016;ILE-DE-FRANCE;PARIS;Commune simple;11;ILE-DE-FRANCE;103;PARIS-3E-ARRONDISSEMENT;75056
48.8282706469,2.362358986;"{""type"": ""Polygon"", ""coordinates"": [[[2.365950820880959, 48.84490865927767], [2.366359353707236, 48.84459334988889], [2.3799123036561323, 48.83379556805533], [2.382429870905578, 48.831727456849485], [2.385762457586978, 48.82902942257556], [2.388891293984424, 48.82660186009519], [2.390072014511325, 48.825692326819635], [2.389445425188181, 48.82534466962421], [2.389019073965975, 48.82511315197843], [2.379296489779514, 48.82121375521783], [2.37777023460594, 48.82071116532139], [2.3765275258630902, 48.820303569669875], [2.374588822412214, 48.819672874182885], [2.369385494091025, 48.81803565555556], [2.365028986478496, 48.8166707224648], [2.3643833249855613, 48.81645773578984], [2.364204281172879, 48.816398323995635], [2.363946550191008, 48.816314210033596], [2.361421847126507, 48.81607410818807], [2.360386948335929, 48.81606407953954], [2.358438737669236, 48.81601316942619], [2.357466681971601, 48.815987263780066], [2.356894890172978, 48.81597159826168], [2.356545035221203, 48.815959822753385], [2.356464745813713, 48.815954893718335], [2.356328523627473, 48.81595775798059], [2.345958265891026, 48.8160363878139], [2.344036580527388, 48.815718270789844], [2.343902504744145, 48.81576700129677], [2.344009565449824, 48.8161336382798], [2.34441794743028, 48.81896443867725], [2.344418203666944, 48.81959400743183], [2.341493772233576, 48.828568124075204], [2.34176641142403, 48.835780788431656], [2.342038463594752, 48.83829691793253], [2.344897421913345, 48.83771273186587], [2.347144269070598, 48.83726274139024], [2.351718068951756, 48.83681365115241], [2.353080114102986, 48.83717267783027], [2.361387033828814, 48.839822776184725], [2.361591387182398, 48.840046909184046], [2.363294202923634, 48.84230259254609], [2.364179500143666, 48.84356101055063], [2.364656919925836, 48.84418950178663], [2.365950820880959, 48.84490865927767]]]}";COMMUNE00000000000016010;113;75113;PARIS-13E-ARRONDISSEMENT;652694;6859366;653344;6858482;47;714;183713.0;;1;75;2016;ILE-DE-FRANCE;PARIS;Commune simple;11;ILE-DE-FRANCE;113;PARIS-13E-ARRONDISSEMENT;75056
48.8727847697,2.31253091684;"{""type"": ""Polygon"", ""coordinates"": [[[2.327120697066301, 48.88348541661707], [2.3267815674521612, 48.87638596142574], [2.326237930175147, 48.87161370548764], [2.325761625469748, 48.86954613347617], [2.325215912695464, 48.86936678690197], [2.322410923052652, 48.86523193880858], [2.320777351580662, 48.86307503594067], [2.318938290985569, 48.863614086467145], [2.317984490954283, 48.863793021295436], [2.3141698789746092, 48.86383777393356], [2.301556272171617, 48.86347523496575], [2.301488462154745, 48.86405941688687], [2.298760189224802, 48.86886666746072], [2.297395254200948, 48.87111332236658], [2.296441453023204, 48.87228586093871], [2.295350820062902, 48.873592486953186], [2.295145392233802, 48.87386197967684], [2.296982744635593, 48.87642421634743], [2.297390717389426, 48.8770084846402], [2.298140326266548, 48.878042625559594], [2.298343635742688, 48.87813285191598], [2.309121684439903, 48.880426793133594], [2.312663726946662, 48.88087706362408], [2.316683858096023, 48.881372227184485], [2.327120697066301, 48.88348541661707]]]}";COMMUNE00000000000013119;108;75108;PARIS-8E-ARRONDISSEMENT;649931;6864367;649481;6864056;39;386;39175.0;;1;75;2016;ILE-DE-FRANCE;PARIS;Commune simple;11;ILE-DE-FRANCE;108;PARIS-8E-ARRONDISSEMENT;75056
48.8591103087,2.38017728226;"{""type"": ""Polygon"", ""coordinates"": [[[2.3770153520998383, 48.87192112928036], [2.377218985354729, 48.87165148863753], [2.378308103501238, 48.87075241734386], [2.386748352378341, 48.863335036953416], [2.394300442029356, 48.856491711482434], [2.396558055101348, 48.85361441057368], [2.398394056190455, 48.85123228310974], [2.398869257010142, 48.84961403928058], [2.399172668212494, 48.84835556962748], [2.399118444872594, 48.84809448473566], [2.395191121970722, 48.84844792784101], [2.384624564790621, 48.850070442032894], [2.370585539949439, 48.852995856503874], [2.3699728108076252, 48.85317609966919], [2.369019637116847, 48.85322144074504], [2.3690196510526, 48.853445379531394], [2.368545126059852, 48.85560311817136], [2.368408572172818, 48.85573730004936], [2.368408572582041, 48.855962137621376], [2.368340704172586, 48.856501389365086], [2.366642492489265, 48.86311700468547], [2.366098043479301, 48.86406023223137], [2.364191894384677, 48.867116879697264], [2.363851339012572, 48.86743163828077], [2.364464489758917, 48.86779103471644], [2.365691375476316, 48.86824001866678], [2.375924901835885, 48.87156200963451], [2.3770153520998383, 48.87192112928036]]]}";COMMUNE00000000000014100;111;75111;PARIS-11E-ARRONDISSEMENT;654457;6862254;654333;6862563;42;366;153461.0;;1;75;2016;ILE-DE-FRANCE;PARIS;Commune simple;11;ILE-DE-FRANCE;111;PARIS-11E-ARRONDISSEMENT;75056
48.8604673342,2.26190318372;"{""type"": ""Polygon"", ""coordinates"": [[[2.225670292256979, 48.859404562396286], [2.226327993116735, 48.860732676134745], [2.227209118372063, 48.86253079364146], [2.228224867789298, 48.86518325960144], [2.229311843410094, 48.86662203917203], [2.230658982743393, 48.868079566926816], [2.23173635974686, 48.86906858161016], [2.233597178174002, 48.86990611712162], [2.245678236548143, 48.87643478913195], [2.245703788405577, 48.876459232476314], [2.24624979564664, 48.8762279424162], [2.254817140668557, 48.874080881368805], [2.255410336689475, 48.87426354267619], [2.258467171114177, 48.880387263085744], [2.277487029813821, 48.87796832085251], [2.279469949480848, 48.87853156800866], [2.279949332567545, 48.87857312398175], [2.283765477327523, 48.877407987523455], [2.295145392233802, 48.87386197967684], [2.295350820062902, 48.873592486953186], [2.296441453023204, 48.87228586093871], [2.297395254200948, 48.87111332236658], [2.298760189224802, 48.86886666746072], [2.301488462154745, 48.86405941688687], [2.301556272171617, 48.86347523496575], [2.300874717999938, 48.86347485285762], [2.299512652941034, 48.86329511229673], [2.298014751718688, 48.86297965677579], [2.295700383684028, 48.86226006788679], [2.293316462881592, 48.86104537848806], [2.292091768437713, 48.86019184827451], [2.290527186040657, 48.8589774473305], [2.289778276596061, 48.858123113768876], [2.289437862665354, 48.857898951923694], [2.282498103371029, 48.852022499045084], [2.272484695381473, 48.84368156860093], [2.267316733678636, 48.83832214755404], [2.264938054390591, 48.83589362979065], [2.2627915245265138, 48.83392337352384], [2.261405151319141, 48.83408030605973], [2.25530390491147, 48.83479075725014], [2.255144238417505, 48.83480954936942], [2.251709308946856, 48.83882181623443], [2.251299357647796, 48.84213074738531], [2.251218942497661, 48.84289111338925], [2.2506124417161573, 48.84555485121138], [2.239977725861047, 48.849702209874486], [2.225668341007156, 48.85302445830991], [2.2242191058804472, 48.85351691755679], [2.224314779418416, 48.85569580206119], [2.224517586853297, 48.85653802254872], [2.225670292256979, 48.859404562396286]]]}";COMMUNE00000000000001448;116;75116;PARIS-16E-ARRONDISSEMENT;646916;6862865;645631;6862473;43;1641;166552.0;;1;75;2016;ILE-DE-FRANCE;PARIS;Commune simple;11;ILE-DE-FRANCE;116;PARIS-16E-ARRONDISSEMENT;75056
48.8562037309,2.3121193117;"{""type"": ""Polygon"", ""coordinates"": [[[2.320777351580662, 48.86307503594067], [2.322752490911607, 48.8624458929874], [2.331621039819503, 48.8596601027492], [2.3328469000671372, 48.85930090746053], [2.332505450112345, 48.858717123229155], [2.331485211375685, 48.856011571787334], [2.32930567487796, 48.852641183075484], [2.328625547789936, 48.852012315753484], [2.328285018300814, 48.85178736391781], [2.3199648828147152, 48.84814652426939], [2.316628160287652, 48.8467523874773], [2.316425112756123, 48.846753026221826], [2.310558509615869, 48.84677332413766], [2.302191520379336, 48.85034474899809], [2.297886852334149, 48.85294929563777], [2.293593540984887, 48.85568955389425], [2.290051338080391, 48.85798893133366], [2.289778276596061, 48.858123113768876], [2.290527186040657, 48.8589774473305], [2.292091768437713, 48.86019184827451], [2.293316462881592, 48.86104537848806], [2.295700383684028, 48.86226006788679], [2.298014751718688, 48.86297965677579], [2.299512652941034, 48.86329511229673], [2.300874717999938, 48.86347485285762], [2.301556272171617, 48.86347523496575], [2.3141698789746092, 48.86383777393356], [2.317984490954283, 48.863793021295436], [2.318938290985569, 48.863614086467145], [2.320777351580662, 48.86307503594067]]]}";COMMUNE00000000000023570;107;75107;PARIS-7E-ARRONDISSEMENT;650131;6862126;649541;6861995;35;412;56325.0;;1;75;2016;ILE-DE-FRANCE;PARIS;Commune simple;11;ILE-DE-FRANCE;107;PARIS-7E-ARRONDISSEMENT;75056
48.8491121688,2.33284677548;"{""type"": ""Polygon"", ""coordinates"": [[[2.316628160287652, 48.8467523874773], [2.3199648828147152, 48.84814652426939], [2.328285018300814, 48.85178736391781], [2.328625547789936, 48.852012315753484], [2.32930567487796, 48.852641183075484], [2.331485211375685, 48.856011571787334], [2.332505450112345, 48.858717123229155], [2.3328469000671372, 48.85930090746053], [2.333051347688824, 48.859301147735934], [2.336252088116663, 48.85862734294024], [2.338431093481264, 48.857908236814104], [2.340202184637567, 48.856784832080066], [2.342244192903881, 48.85524738882688], [2.34347009049337, 48.85443840769325], [2.344559226085564, 48.85398930555956], [2.344218949829258, 48.8536294981705], [2.343741796102583, 48.852776092562976], [2.336864583893352, 48.84027483382859], [2.336592707177664, 48.839690537142836], [2.336387763960392, 48.83973526805245], [2.326175018315656, 48.843068785271186], [2.324813430556384, 48.843517985401355], [2.324663544625067, 48.8435180387231], [2.319693090505152, 48.84527061726139], [2.3175824607711553, 48.84630365651078], [2.316628160287652, 48.8467523874773]]]}";COMMUNE00000000000032064;106;75106;PARIS-6E-ARRONDISSEMENT;651008;6861403;651135;6861391;40;215;43479.0;;1;75;2016;ILE-DE-FRANCE;PARIS;Commune simple;11;ILE-DE-FRANCE;106;PARIS-6E-ARRONDISSEMENT;75056
48.8924795867,2.34788399022;"{""type"": ""Polygon"", ""coordinates"": [[[2.36467766640117, 48.88429135187387], [2.363519372551837, 48.88433646162204], [2.359295309486554, 48.884292348000564], [2.350777803447737, 48.88375453219697], [2.349550840123216, 48.88362016791156], [2.347153412523655, 48.88330584373597], [2.337955506111846, 48.882249883375295], [2.327325239606297, 48.88348566666966], [2.327120697066301, 48.88348541661707], [2.32705294631591, 48.88397966814416], [2.326985159750442, 48.884160052693844], [2.325962180116848, 48.88649615401145], [2.325757141835042, 48.88695455677744], [2.326097436995095, 48.889111262565166], [2.326846928640038, 48.89158322917955], [2.328379912711038, 48.896234142462376], [2.329980585189304, 48.90084042766455], [2.3299805220467062, 48.90116328212716], [2.331275053403352, 48.90116332255245], [2.348396822959066, 48.901522995193815], [2.351873944763931, 48.901522076927066], [2.360052035690029, 48.90161101849296], [2.365846785999959, 48.9016094651264], [2.370290514049102, 48.90165359528475], [2.370288306071287, 48.89867865314688], [2.370090869092799, 48.8953807204274], [2.369808242237654, 48.893376450643586], [2.36665574281233, 48.886357692162676], [2.36467766640117, 48.88429135187387]]]}";COMMUNE00000000000001004;118;75118;PARIS-18E-ARRONDISSEMENT;651936;6865979;652232;6866092;56;604;199519.0;;1;75;2016;ILE-DE-FRANCE;PARIS;Commune simple;11;ILE-DE-FRANCE;118;PARIS-18E-ARRONDISSEMENT;75056
48.8869811827,2.38492060382;"{""type"": ""Polygon"", ""coordinates"": [[[2.3770153520998383, 48.87192112928036], [2.376198709682807, 48.87260486842723], [2.371228761735738, 48.87705485347326], [2.370343090794026, 48.877909060856176], [2.370210225903679, 48.88258218140105], [2.369105995634214, 48.88357102453907], [2.368494265960581, 48.88397609420896], [2.36467766640117, 48.88429135187387], [2.36665574281233, 48.886357692162676], [2.369808242237654, 48.893376450643586], [2.370090869092799, 48.8953807204274], [2.370288306071287, 48.89867865314688], [2.370290514049102, 48.90165359528475], [2.372130988931859, 48.901742397193075], [2.385149642939711, 48.90200778521473], [2.388965452620039, 48.90127818690159], [2.389441637817657, 48.90115201380563], [2.390328618740141, 48.901008145776935], [2.392659014044634, 48.899793324501175], [2.39490629342099, 48.898444039522516], [2.3955185840026, 48.89763505147134], [2.397627233669072, 48.894578113161344], [2.398441268654738, 48.890938170453175], [2.398576795395713, 48.8899495998625], [2.398644394273278, 48.88941034734743], [2.398845527181574, 48.88710909507239], [2.408308168643916, 48.880408601842326], [2.409465304881294, 48.88009325550947], [2.410690346638331, 48.87847510651618], [2.410484969028091, 48.87843002826462], [2.394403759688012, 48.87515893262442], [2.38689800913129, 48.87436258778108], [2.380217390330639, 48.87287306097228], [2.3770153520998383, 48.87192112928036]]]}";COMMUNE00000000000024125;119;75119;PARIS-19E-ARRONDISSEMENT;654674;6864947;654768;6865600;62;675;185953.0;;1;75;2016;ILE-DE-FRANCE;PARIS;Commune simple;11;ILE-DE-FRANCE;119;PARIS-19E-ARRONDISSEMENT;75056
48.8873739998,2.30681348993;"{""type"": ""Polygon"", ""coordinates"": [[[2.284459571754662, 48.88563927820152], [2.285669993204252, 48.886573718859154], [2.29150685249767, 48.889471870800286], [2.292393803722319, 48.889637196294764], [2.300309348680921, 48.892477024523885], [2.303743199037813, 48.89413830923516], [2.303774362351613, 48.89415377894912], [2.307818966463416, 48.89605951081645], [2.310684074449394, 48.897134539229505], [2.312451445254303, 48.89778231797856], [2.318517536771425, 48.89963361635783], [2.319887174744136, 48.90045978209027], [2.320628966525964, 48.900794041950185], [2.3272535978120112, 48.90106435943163], [2.3299805220467062, 48.90116328212716], [2.329980585189304, 48.90084042766455], [2.328379912711038, 48.896234142462376], [2.326846928640038, 48.89158322917955], [2.326097436995095, 48.889111262565166], [2.325757141835042, 48.88695455677744], [2.325962180116848, 48.88649615401145], [2.326985159750442, 48.884160052693844], [2.32705294631591, 48.88397966814416], [2.327120697066301, 48.88348541661707], [2.316683858096023, 48.881372227184485], [2.312663726946662, 48.88087706362408], [2.309121684439903, 48.880426793133594], [2.298343635742688, 48.87813285191598], [2.298140326266548, 48.878042625559594], [2.297390717389426, 48.8770084846402], [2.296982744635593, 48.87642421634743], [2.295145392233802, 48.87386197967684], [2.283765477327523, 48.877407987523455], [2.279949332567545, 48.87857312398175], [2.279990437713356, 48.87875593730323], [2.282327211149827, 48.883923175027896], [2.282803625374617, 48.88428306606282], [2.284512055374312, 48.88559102779719], [2.284459571754662, 48.88563927820152]]]}";COMMUNE00000000000004922;117;75117;PARIS-17E-ARRONDISSEMENT;650291;6865159;649301;6865687;40;564;170077.0;;1;75;2016;ILE-DE-FRANCE;PARIS;Commune simple;11;ILE-DE-FRANCE;117;PARIS-17E-ARRONDISSEMENT;75056
48.840040811,2.29268840406;"{""type"": ""Polygon"", ""coordinates"": [[[2.289778276596061, 48.858123113768876], [2.290051338080391, 48.85798893133366], [2.293593540984887, 48.85568955389425], [2.297886852334149, 48.85294929563777], [2.302191520379336, 48.85034474899809], [2.310558509615869, 48.84677332413766], [2.316425112756123, 48.846753026221826], [2.316628160287652, 48.8467523874773], [2.3175824607711553, 48.84630365651078], [2.319693090505152, 48.84527061726139], [2.324663544625067, 48.8435180387231], [2.324050757867123, 48.84306849300187], [2.32064899371495, 48.84072256334741], [2.315748295773015, 48.837171803372584], [2.309146607212023, 48.83177808913951], [2.306970412350518, 48.82998023710605], [2.301315418488453, 48.825125760841566], [2.300177424536504, 48.82537543037296], [2.29219592266185, 48.82714160911968], [2.290235122003243, 48.82798889642783], [2.289393777675127, 48.82835264610396], [2.283585827211769, 48.830795786201676], [2.279051930653325, 48.83248995214544], [2.275423320689114, 48.82950726740615], [2.272793190186763, 48.82792008422551], [2.267543811050174, 48.82778641874259], [2.26752778961965, 48.82795720333811], [2.267254078923357, 48.83105209700785], [2.267211912244826, 48.831532107599394], [2.269435166169232, 48.83279584563694], [2.263173549337597, 48.83397969026656], [2.2627915245265138, 48.83392337352384], [2.264938054390591, 48.83589362979065], [2.267316733678636, 48.83832214755404], [2.272484695381473, 48.84368156860093], [2.282498103371029, 48.852022499045084], [2.289437862665354, 48.857898951923694], [2.289778276596061, 48.858123113768876]]]}";COMMUNE00000000000006974;115;75115;PARIS-15E-ARRONDISSEMENT;648643;6860380;648507;6860628;39;846;237120.0;;1;75;2016;ILE-DE-FRANCE;PARIS;Commune simple;11;ILE-DE-FRANCE;115;PARIS-15E-ARRONDISSEMENT;75056
48.8760781985,2.36069992794;"{""type"": ""Polygon"", ""coordinates"": [[[2.36467766640117, 48.88429135187387], [2.368494265960581, 48.88397609420896], [2.369105995634214, 48.88357102453907], [2.370210225903679, 48.88258218140105], [2.370343090794026, 48.877909060856176], [2.371228761735738, 48.87705485347326], [2.376198709682807, 48.87260486842723], [2.3770153520998383, 48.87192112928036], [2.375924901835885, 48.87156200963451], [2.365691375476316, 48.86824001866678], [2.364464489758917, 48.86779103471644], [2.363851339012572, 48.86743163828077], [2.363238955499569, 48.867790816367034], [2.354520466380245, 48.86927569343535], [2.35411149265971, 48.8692752858951], [2.347831771084856, 48.870624420334565], [2.347845439420342, 48.87377937568314], [2.347982803025813, 48.87467766254086], [2.348255293026379, 48.87589145184864], [2.34907399387057, 48.87791311472725], [2.349822810697755, 48.880295020678275], [2.349823945918236, 48.88096862639421], [2.349687756951921, 48.882811514902045], [2.349550840123216, 48.88362016791156], [2.350777803447737, 48.88375453219697], [2.359295309486554, 48.884292348000564], [2.363519372551837, 48.88433646162204], [2.36467766640117, 48.88429135187387]]]}";COMMUNE00000000000032016;110;75110;PARIS-10E-ARRONDISSEMENT;652889;6863722;653068;6864291;45;288;92494.0;;1;75;2016;ILE-DE-FRANCE;PARIS;Commune simple;11;ILE-DE-FRANCE;110;PARIS-10E-ARRONDISSEMENT;75056
48.8542874923,2.35759608215;"{""type"": ""Polygon"", ""coordinates"": [[[2.344559226085564, 48.85398930555956], [2.345581788556577, 48.8549329282337], [2.346057491241009, 48.85547154325894], [2.347488995100279, 48.85750289925201], [2.34831909060861, 48.858806084558545], [2.349137679720428, 48.86037900432019], [2.350091264419375, 48.861951749822666], [2.35444979708971, 48.86100764265458], [2.355471078597608, 48.860648012347085], [2.357446054399118, 48.859658558153086], [2.359216281258059, 48.85835500124507], [2.360918472895475, 48.8575906636233], [2.363097753931241, 48.85681715023424], [2.364187035479922, 48.85645780685713], [2.368408572172818, 48.85573730004936], [2.368545126059852, 48.85560311817136], [2.3690196510526, 48.853445379531394], [2.369019637116847, 48.85322144074504], [2.36888334596208, 48.85277194503189], [2.367178492764865, 48.84917721476917], [2.366497161436579, 48.847829071319204], [2.366156494215372, 48.847380286483684], [2.364318035619069, 48.84616719132947], [2.362548350376929, 48.84747083799684], [2.353970344273344, 48.85097728621711], [2.346465584808918, 48.853360292152324], [2.344559226085564, 48.85398930555956]]]}";COMMUNE00000000000011826;104;75104;PARIS-4E-ARRONDISSEMENT;652746;6861974;652832;6861859;34;160;27335.0;;1;75;2016;ILE-DE-FRANCE;PARIS;Commune simple;11;ILE-DE-FRANCE;104;PARIS-4E-ARRONDISSEMENT;75056
48.8348302792,2.42102904428;"{""type"": ""Polygon"", ""coordinates"": [[[2.365950820880959, 48.84490865927767], [2.364453223364357, 48.846032106426854], [2.364318035619069, 48.84616719132947], [2.366156494215372, 48.847380286483684], [2.366497161436579, 48.847829071319204], [2.367178492764865, 48.84917721476917], [2.36888334596208, 48.85277194503189], [2.369019637116847, 48.85322144074504], [2.3699728108076252, 48.85317609966919], [2.370585539949439, 48.852995856503874], [2.384624564790621, 48.850070442032894], [2.395191121970722, 48.84844792784101], [2.399118444872594, 48.84809448473566], [2.415971110769569, 48.846622956277], [2.415864779782866, 48.84601897074814], [2.415299092607448, 48.843849661236874], [2.414259720942837, 48.840429716999374], [2.413945507722148, 48.839413700918605], [2.413571497493246, 48.83826428454211], [2.412466144096896, 48.835037346109516], [2.4122456125626393, 48.83453891467325], [2.412048323714965, 48.8343958455794], [2.412009132442096, 48.83436777264709], [2.411909116120865, 48.83429713055316], [2.411802329348825, 48.834222857619395], [2.411710416104299, 48.834158550743396], [2.411556042207237, 48.83407594923597], [2.411471874927621, 48.83392893877285], [2.411627547553641, 48.833896428181625], [2.411810394015119, 48.83387034657184], [2.412039617745473, 48.83383909648542], [2.412300193269077, 48.833806201285114], [2.412587952676253, 48.833778835210616], [2.412954691917735, 48.833754554204354], [2.413170099598751, 48.83374032206223], [2.413505425613418, 48.83372308015552], [2.413921063446627, 48.833711627051414], [2.41440187689856, 48.83371937826787], [2.414898855796042, 48.83374339518348], [2.415470466512807, 48.833793856339874], [2.415752049454576, 48.83383120667818], [2.416198022348807, 48.83390893085359], [2.416456276936897, 48.83396145484084], [2.416996956303085, 48.83409809666737], [2.417337888379131, 48.83418879496342], [2.4182257266693963, 48.83446922121979], [2.419349709161044, 48.83483173002613], [2.420222454034239, 48.8351237596348], [2.420386670788106, 48.83518031598505], [2.421016385376026, 48.83539831339671], [2.421675906213893, 48.8356317406954], [2.422038224535489, 48.83576120134048], [2.422138636243513, 48.83579766095512], [2.421254093592629, 48.8381614015973], [2.420019821334008, 48.84084630550793], [2.419713896051173, 48.84115599968155], [2.419634904840926, 48.84127523104321], [2.41953895290059, 48.8414492408495], [2.419469538255404, 48.84168723370658], [2.419442499539575, 48.84179052856827], [2.419382280642246, 48.84205914407049], [2.419371841680654, 48.84214003552778], [2.419354680263449, 48.84245742517179], [2.419370138333729, 48.8425375429386], [2.419390134732613, 48.84257721168022], [2.419865327082177, 48.84334217110516], [2.420262261349782, 48.84367146081744], [2.421847988927574, 48.84443729119027], [2.421945137579068, 48.84440088709321], [2.422020405844874, 48.84437157204766], [2.42222500789931, 48.8442295629292], [2.422435387811295, 48.84405790262498], [2.422643200706216, 48.843871839858835], [2.422687388970336, 48.84381899114881], [2.422878513110005, 48.843540213795464], [2.423133644054, 48.8431412310721], [2.423283341302334, 48.84291171773213], [2.423413216258989, 48.84274956033355], [2.423491922523838, 48.84265550726454], [2.423806187977489, 48.842329655667875], [2.42394800402987, 48.84219633454078], [2.424023605893133, 48.84213644168312], [2.424277331941778, 48.841986571139344], [2.424370466389635, 48.841942950850935], [2.424534597793657, 48.84188618169064], [2.424652097345379, 48.84185706809391], [2.425004277726061, 48.84179850449553], [2.425818628737498, 48.841715178368936], [2.427303780868214, 48.84159189084034], [2.427575156761253, 48.841570705794226], [2.428130169985211, 48.84152839247319], [2.43362719938658, 48.84272730442247], [2.437906942613187, 48.843616266381126], [2.447699326813992, 48.8448184433549], [2.4478479965511593, 48.84480473996914], [2.448023945649854, 48.84478846420798], [2.448291299248825, 48.84476181751825], [2.448478186469091, 48.84474199412214], [2.448706006871745, 48.84471696295398], [2.44894065877744, 48.84469016411513], [2.449197139596527, 48.84466076726306], [2.449482280948952, 48.844627004989846], [2.449766068888361, 48.844592336460494], [2.450100355734969, 48.84454980521705], [2.457090793387939, 48.843606834877406], [2.457370529989033, 48.84356763317698], [2.457584781385707, 48.843536228101115], [2.4578932328563052, 48.843487262491394], [2.45819214618353, 48.84343825288909], [2.458436493219954, 48.84339529100272], [2.458732736533953, 48.84334087184685], [2.459041269779823, 48.84328380947378], [2.459342980502274, 48.84322761482449], [2.459652902883432, 48.84316785909391], [2.459871359926779, 48.84312477733466], [2.460084366608914, 48.84308167057797], [2.46024413303134, 48.843048216121936], [2.460373859106308, 48.843020921420575], [2.460839559593277, 48.84291779690539], [2.460916045400131, 48.842900154537034], [2.461092244357225, 48.842858678819695], [2.461506241624685, 48.84274812395874], [2.461671567541827, 48.8427039003839], [2.461898390892793, 48.842641966155256], [2.462126641159372, 48.84257374243954], [2.462257866735865, 48.84253296213861], [2.462419187362503, 48.84248062534547], [2.462776139976386, 48.842351822655964], [2.462874637156871, 48.842313592754586], [2.46343831216858, 48.8420894852691], [2.463887349953645, 48.84188284848015], [2.464081810024432, 48.84178748897054], [2.464329802931891, 48.84165369665631], [2.464927225270692, 48.84132630750172], [2.465400832762585, 48.840981274314316], [2.4654516306386043, 48.840943728442966], [2.465867778475339, 48.84062092040369], [2.466184316545422, 48.840312056056625], [2.466261395325641, 48.84023595484928], [2.466408758512407, 48.840081923256626], [2.466476262859811, 48.840009376609196], [2.466556203665804, 48.839919797636576], [2.466741012737785, 48.83970117901713], [2.466781010312038, 48.83965369149532], [2.466869290078733, 48.83954796106774], [2.467228020617744, 48.83910887521576], [2.467247461860074, 48.83907298758211], [2.467426438720815, 48.838891215371724], [2.467581988367335, 48.83313331879279], [2.466178324692476, 48.82732797147399], [2.466111960859641, 48.82715769522232], [2.466082750226833, 48.82708381686772], [2.46577864790769, 48.826319796810324], [2.465730572119004, 48.8262260479851], [2.465712037823177, 48.826173801954454], [2.46442754813145, 48.822992390159406], [2.462696062752353, 48.81905977056392], [2.461205214252254, 48.818355149153646], [2.459997902748377, 48.817760613547904], [2.459277032513028, 48.81740749952024], [2.458705085340404, 48.817140495785814], [2.458320390381955, 48.81707130057952], [2.458007676517565, 48.81702131728675], [2.457909747102228, 48.81700918147759], [2.4578280847454153, 48.81700431434261], [2.457235927804669, 48.816979143425215], [2.456695014488356, 48.81700276862922], [2.4546621287045562, 48.81709424398647], [2.453452200812278, 48.81714897756084], [2.442096739080842, 48.81791676199207], [2.438447510274185, 48.818232447876966], [2.434179121509351, 48.82012799238934], [2.421462449379507, 48.82405406143913], [2.420677968534261, 48.82404756550385], [2.420329137132226, 48.82406026503288], [2.419962519541093, 48.82408007224616], [2.419242242363507, 48.824179104744545], [2.406031823400973, 48.82761547077918], [2.390939253073785, 48.826078980076126], [2.390072014511325, 48.825692326819635], [2.388891293984424, 48.82660186009519], [2.385762457586978, 48.82902942257556], [2.382429870905578, 48.831727456849485], [2.3799123036561323, 48.83379556805533], [2.366359353707236, 48.84459334988889], [2.365950820880959, 48.84490865927767]]]}";COMMUNE00000000000026040;112;75112;PARIS-12E-ARRONDISSEMENT;655097;6860259;658499;6858836;48;1637;144719.0;;1;75;2016;ILE-DE-FRANCE;PARIS;Commune simple;11;ILE-DE-FRANCE;112;PARIS-12E-ARRONDISSEMENT;75056
48.8682182328,2.34268958704;"{""type"": ""Polygon"", ""coordinates"": [[[2.350841320556306, 48.86334441157331], [2.344493176643923, 48.8648728725571], [2.336115171463392, 48.866805251686046], [2.330257518258063, 48.868288011927895], [2.327873362186078, 48.86986108895774], [2.328826705605644, 48.87004091101753], [2.339929810567673, 48.87193731051887], [2.347831771084856, 48.870624420334565], [2.35411149265971, 48.8692752858951], [2.353975524869111, 48.86891661444116], [2.352954153003017, 48.86707464125512], [2.351453566581511, 48.86442244862612], [2.350841320556306, 48.86334441157331]]]}";COMMUNE00000000000035077;102;75102;PARIS-2E-ARRONDISSEMENT;651622;6863176;651741;6863328;36;99;21741.0;;1;75;2016;ILE-DE-FRANCE;PARIS;Commune simple;11;ILE-DE-FRANCE;102;PARIS-2E-ARRONDISSEMENT;75056
48.8625262113,2.33630086089;"{""type"": ""Polygon"", ""coordinates"": [[[2.325761625469748, 48.86954613347617], [2.327668873142871, 48.86986083983853], [2.327873362186078, 48.86986108895774], [2.330257518258063, 48.868288011927895], [2.336115171463392, 48.866805251686046], [2.344493176643923, 48.8648728725571], [2.350841320556306, 48.86334441157331], [2.350705083769544, 48.86311973538236], [2.35009094463861, 48.862086650131786], [2.350091264419375, 48.861951749822666], [2.349137679720428, 48.86037900432019], [2.34831909060861, 48.858806084558545], [2.347488995100279, 48.85750289925201], [2.346057491241009, 48.85547154325894], [2.345581788556577, 48.8549329282337], [2.344559226085564, 48.85398930555956], [2.34347009049337, 48.85443840769325], [2.342244192903881, 48.85524738882688], [2.340202184637567, 48.856784832080066], [2.338431093481264, 48.857908236814104], [2.336252088116663, 48.85862734294024], [2.333051347688824, 48.859301147735934], [2.3328469000671372, 48.85930090746053], [2.331621039819503, 48.8596601027492], [2.322752490911607, 48.8624458929874], [2.320777351580662, 48.86307503594067], [2.322410923052652, 48.86523193880858], [2.325215912695464, 48.86936678690197], [2.325761625469748, 48.86954613347617]]]}";COMMUNE00000000000007847;101;75101;PARIS-1ER-ARRONDISSEMENT;651679;6862426;651283;6862746;34;182;17022.0;;1;75;2016;ILE-DE-FRANCE;PARIS;Capitale d'̩tat;11;ILE-DE-FRANCE;101;PARIS-1ER-ARRONDISSEMENT;75056
